idx	sentiment_bert_raw	negative_word	positive_word	product_avg_rating	product_std_rating	rating_diff	review_rating	question	links	word_count	product_name_mention	num_mentioned_brand	brand_mention	is_spam
9722	positive	0	3	3.64	0.7713892158398701	-0.6400000000000001	3	no	no	33	yes	0	no	0.0
10212	positive	1	1	3.82	0.9226110083151836	-2.82	1	no	no	52	yes	0	no	1.0
10231	positive	7	12	3.82	0.9226110083151836	0.18000000000000016	4	no	no	42	no	3	yes	1.0
10548	positive	6	7	3.3	1.1	-1.2999999999999998	2	no	no	26	no	0	no	1.0
10630	negative	4	3	3.98	1.108482132868586	0.020000000000000014	4	no	no	41	no	1	no	1.0
10749	negative	2	0	4.56	0.7490129559381904	-0.5599999999999996	4	no	no	27	no	1	yes	1.0
11066	positive	4	1	4.1	0.8306623862918074	-2.1	2	no	no	46	yes	7	yes	1.0
11090	positive	6	6	3.43	0.9035079029052512	-1.4300000000000002	2	no	no	44	yes	7	no	1.0
11245	positive	0	2	3.6	1.019803902718557	-1.6	2	no	no	38	yes	1	yes	1.0
11256	positive	11	7	3.08	1.440968038815882	-1.08	2	no	no	89	yes	8	no	1.0
11275	negative	5	3	3.71	0.9005915819220351	0.29000000000000004	4	no	no	50	yes	0	no	1.0
11321	negative	8	6	3.71	0.9005915819220351	0.29000000000000004	4	no	no	62	yes	0	no	1.0
11349	positive	1	1	3.64	0.8112726208286106	-1.64	2	no	no	30	no	3	no	1.0
11380	neutral	1	4	3.32	1.1968282914368602	0.6800000000000002	4	no	no	48	yes	15	yes	1.0
11547	positive	6	3	3.09	1.137877779122339	-2.09	1	no	no	33	yes	2	no	1.0
11559	positive	2	1	3.09	1.137877779122339	-1.09	2	no	no	28	no	0	no	1.0
12216	positive	1	4	4.08	0.9090593428863096	-3.08	1	no	no	33	yes	1	no	1.0
13250	positive	4	2	4.12	1.0532687216470449	-2.12	2	no	no	30	yes	0	no	1.0
4189	positive	3	3	3.0	1.0	-1.0	2	no	no	26	no	0	no	1.0
4263	positive	1	0	4.14	1.0312295868207546	-3.14	1	no	no	37	no	1	no	1.0
6562	positive	3	5	3.33	1.1055415967851334	-1.33	2	no	no	29	yes	1	no	1.0
3114	positive	2	2	4.31	0.7472398188926868	-2.31	2	no	no	27	no	1	no	1.0
5828	positive	7	7	3.53	1.0165867762208407	-1.5299999999999998	2	no	no	30	no	0	no	1.0
2697	positive	6	5	3.34	0.9509994742374992	-2.34	1	no	no	32	no	0	no	1.0
5441	positive	2	4	4.11	0.8163512321805259	-2.1100000000000003	2	no	no	23	no	0	no	1.0
9035	negative	4	2	2.58	1.044143996961402	-1.58	1	no	no	39	no	1	no	0.0
14904	positive	4	1	3.18	0.9359663764533636	-1.1800000000000002	2	no	no	25	yes	3	no	1.0
7702	positive	5	5	3.6	0.7118052168020874	-1.6	2	no	no	28	no	0	no	1.0
5625	positive	4	5	4.04	0.9883889063265474	-2.04	2	no	no	27	yes	0	no	1.0
11204	positive	4	3	4.09	0.8999540851465151	-2.09	2	no	no	27	yes	0	no	1.0
14951	positive	3	2	3.71	0.924484332088336	-1.71	2	no	no	35	yes	8	yes	1.0
6961	positive	3	4	4.24	0.9716646702463552	-2.24	2	no	no	26	yes	0	no	1.0
5987	positive	2	1	3.38	0.9921567416492216	-1.38	2	no	no	31	no	1	yes	1.0
10407	positive	0	2	2.79	0.9003075214714099	0.21	3	no	no	30	no	0	no	0.0
6965	positive	5	4	4.24	0.9716646702463552	-2.24	2	no	no	31	yes	0	no	1.0
4283	positive	0	3	4.14	1.0312295868207546	-2.14	2	no	no	29	no	0	no	1.0
942	positive	2	2	3.0	0.7071067811865476	-1.0	2	no	no	39	yes	2	yes	0.0
1015	positive	4	3	3.0	0.9258200997725514	1.0	4	no	no	35	no	5	yes	1.0
1739	positive	6	5	3.2	0.9797958971132712	0.7999999999999998	4	no	no	54	yes	0	no	0.0
2958	positive	4	5	3.97	0.7951240294584375	0.029999999999999805	4	no	no	25	yes	0	no	1.0
3093	positive	4	6	4.5	0.8660254037844386	0.5	5	no	no	71	yes	1	no	0.0
3403	positive	2	4	3.86	0.9897433186107872	-0.8599999999999999	3	yes	no	25	yes	3	no	1.0
4512	positive	3	4	3.88	0.9709316831442536	0.1200000000000001	4	no	no	55	yes	12	no	0.0
4563	positive	5	3	4.23	0.8034647195462633	0.7699999999999996	5	no	no	32	no	13	no	0.0
4959	positive	2	0	3.12	1.0124958908529371	-1.12	2	no	no	30	yes	8	yes	0.0
1879	positive	0	3	3.51	1.0360082764094731	1.4900000000000002	5	no	no	32	yes	5	yes	1.0
7901	positive	3	3	4.06	0.7930350705194059	-2.06	2	no	no	28	yes	0	no	0.0
4935	positive	6	3	3.23	1.024358172073753	-0.23	3	no	no	29	no	1	yes	0.0
10343	positive	7	5	3.5	1.284523257866513	0.5	4	no	no	30	no	0	no	1.0
12911	positive	2	3	3.26	1.1449144324013605	1.7400000000000002	5	no	no	39	yes	3	no	0.0
174	positive	5	3	4.5	0.8660254037844386	-1.5	3	no	no	28	yes	1	yes	1.0
850	negative	5	4	3.66	1.2200565815910904	0.33999999999999986	4	no	no	36	yes	0	no	1.0
885	negative	2	0	3.66	1.2200565815910904	0.33999999999999986	4	no	no	36	yes	0	no	1.0
1009	negative	6	7	3.0	0.9258200997725514	1.0	4	no	no	84	yes	8	yes	1.0
1011	positive	0	4	3.0	0.9258200997725514	-1.0	2	no	no	68	yes	12	yes	0.0
3091	negative	7	3	4.5	0.8660254037844386	-0.5	4	no	no	39	no	3	no	1.0
3173	positive	1	4	3.14	1.1866605518454392	-0.14000000000000012	3	no	no	22	no	1	no	1.0
3195	positive	2	6	3.14	1.1866605518454392	0.8599999999999999	4	no	no	41	yes	1	no	1.0
3263	negative	2	4	3.14	1.1866605518454392	0.8599999999999999	4	no	no	34	yes	0	no	0.0
3268	negative	2	1	3.14	1.1866605518454392	1.86	5	no	no	34	yes	0	no	0.0
3298	positive	1	2	3.85	1.1665962221617772	-1.85	2	no	no	30	yes	0	no	1.0
3310	positive	3	6	3.8	1.4696938456699071	-1.7999999999999998	2	no	no	28	yes	0	no	1.0
3311	positive	3	6	3.8	1.4696938456699071	-1.7999999999999998	2	no	no	29	no	0	no	1.0
3365	positive	3	0	2.0	1.2649110640673518	2.0	4	no	no	38	yes	0	no	0.0
3366	positive	3	3	2.0	1.2649110640673518	-1.0	1	no	no	57	no	3	no	0.0
3400	positive	2	1	3.86	0.9897433186107872	-1.86	2	no	no	28	yes	1	no	0.0
3401	negative	1	2	3.86	0.9897433186107872	1.14	5	no	no	27	no	0	no	1.0
4517	positive	2	3	4.23	0.8034647195462633	-3.2300000000000004	1	no	no	40	no	3	yes	1.0
4518	positive	1	1	4.23	0.8034647195462633	-3.2300000000000004	1	no	no	39	no	1	no	1.0
4526	positive	4	6	4.23	0.8034647195462633	-2.2300000000000004	2	no	no	47	no	7	yes	1.0
4541	positive	4	3	4.23	0.8034647195462633	-1.2300000000000004	3	no	no	51	no	2	no	0.0
4594	negative	4	6	4.23	0.8034647195462633	-0.23000000000000045	4	no	no	28	no	3	no	1.0
4666	positive	4	6	3.66	1.1061189758568812	-2.66	1	no	no	28	yes	2	yes	1.0
4667	positive	5	6	3.66	1.1061189758568812	-2.66	1	no	no	25	yes	4	yes	0.0
4671	negative	3	2	3.66	1.1061189758568812	0.33999999999999986	4	yes	no	35	yes	1	no	1.0
4679	negative	3	2	3.66	1.1061189758568812	0.33999999999999986	4	no	no	30	yes	2	yes	1.0
4705	positive	5	2	3.66	1.1061189758568812	-0.6600000000000001	3	no	no	28	yes	2	yes	1.0
4710	negative	1	1	3.66	1.1061189758568812	0.33999999999999986	4	no	no	28	yes	6	no	1.0
4732	negative	5	4	3.66	1.1061189758568812	0.33999999999999986	4	no	no	33	no	2	no	0.0
4954	negative	3	4	3.12	1.0124958908529371	0.8799999999999999	4	no	no	31	no	0	no	1.0
4997	positive	4	4	3.57	1.1956998857302172	-1.5699999999999998	2	no	no	55	no	3	no	1.0
5021	positive	6	2	3.57	1.1956998857302172	-2.57	1	no	no	50	no	1	yes	1.0
5025	negative	2	2	3.57	1.1956998857302172	0.43000000000000016	4	no	no	31	yes	4	no	1.0
5275	negative	11	12	3.76	1.1391127488845345	0.2400000000000002	4	no	no	69	no	0	no	1.0
5690	positive	2	5	3.91	0.8625361098289438	-2.91	1	no	no	30	yes	0	no	1.0
5692	positive	0	2	3.91	0.8625361098289438	-2.91	1	no	no	25	yes	1	yes	0.0
5694	positive	1	3	3.91	0.8625361098289438	-1.91	2	no	no	30	yes	0	no	0.0
9427	positive	4	10	3.36	0.6428243465332251	-1.36	2	no	no	36	no	0	no	0.0
12323	positive	5	5	3.03	1.298036193325777	-1.0299999999999998	2	no	no	30	yes	0	no	1.0
10004	positive	3	3	3.5	1.0	-1.5	2	no	no	29	yes	0	no	0.0
12548	positive	1	1	3.3	1.0049875621120892	-0.2999999999999998	3	no	no	37	yes	2	no	1.0
13295	positive	2	4	3.75	0.7876914922725329	0.25	4	no	no	35	yes	2	no	0.0
13503	positive	1	3	3.76	0.8572277858383484	0.2400000000000002	4	no	no	37	no	0	no	0.0
14932	negative	1	2	4.67	0.4714045207910317	0.3300000000000001	5	no	no	29	no	0	no	0.0
3750	negative	2	4	4.53	0.49888765156985904	-0.5300000000000002	4	no	no	36	no	6	no	0.0
2037	positive	1	4	4.0	1.0718844015157447	-2.0	2	no	no	36	no	0	no	1.0
8687	positive	3	3	4.0	0.7669649888473704	0.0	4	no	no	31	yes	1	yes	0.0
9892	positive	4	4	4.0	0.5345224838248488	0.0	4	no	no	31	no	1	yes	0.0
14601	positive	3	5	3.5	0.7071067811865476	-0.5	3	no	no	33	yes	1	yes	0.0
9351	negative	1	4	2.67	0.9428090415820634	1.33	4	no	no	31	yes	4	yes	1.0
10065	positive	2	3	3.75	0.4330127018922193	0.25	4	no	no	37	yes	6	no	0.0
14410	positive	2	1	3.3	1.0202645912902468	0.7000000000000002	4	no	no	28	yes	0	no	0.0
11229	negative	4	2	3.22	0.9162456945817024	0.7799999999999998	4	no	no	41	no	0	no	0.0
12395	positive	1	3	3.57	0.9793792286287206	-0.5699999999999998	3	no	no	33	yes	1	yes	1.0
9155	negative	3	1	3.69	0.709127352805826	0.31000000000000005	4	no	no	33	no	0	no	0.0
11199	positive	2	5	3.27	0.8624393618641035	-1.27	2	no	no	37	yes	3	no	1.0
10415	positive	1	4	2.79	0.9003075214714099	-0.79	2	no	no	31	no	4	no	0.0
12092	positive	4	2	3.75	0.82915619758885	-0.75	3	no	no	29	yes	0	no	0.0
7407	positive	4	3	4.14	0.6388765649999399	-1.1399999999999997	3	no	no	33	yes	2	no	0.0
13125	positive	5	2	3.37	0.9888507732776418	0.6299999999999999	4	no	no	31	no	1	no	0.0
6535	negative	3	4	4.6	0.7671775221329885	0.4000000000000004	5	no	no	50	yes	11	no	0.0
1925	positive	0	0	4.58	0.5907880084379908	0.4199999999999999	5	no	no	5	no	0	no	1.0
1837	positive	0	0	3.51	1.0360082764094731	-1.5099999999999998	2	no	no	6	no	0	no	0.0
2914	neutral	1	0	4.39	0.7509538568560856	-1.3899999999999997	3	no	no	10	yes	0	no	1.0
2433	positive	0	2	4.22	0.9237938415731052	-0.21999999999999972	4	no	no	9	no	0	no	1.0
7768	positive	0	0	4.04	1.080919666973774	0.96	5	no	no	16	no	0	no	1.0
4251	positive	1	2	4.38	0.5753831415997416	0.6200000000000001	5	no	no	27	no	1	no	1.0
2592	positive	0	2	4.22	0.9237938415731052	0.7800000000000002	5	no	no	29	no	10	yes	0.0
14625	positive	2	0	4.5	1.118033988749895	0.5	5	yes	no	83	yes	3	yes	0.0
14758	positive	7	4	3.47	0.8055363982396382	0.5299999999999998	4	no	no	67	yes	4	yes	0.0
6009	neutral	0	0	4.0	0.0	0.0	4	no	no	11	yes	1	no	0.0
2533	positive	3	5	4.22	0.9237938415731052	-0.21999999999999972	4	no	no	25	no	0	no	0.0
1498	positive	5	4	4.22	0.9162456945817024	-1.2199999999999998	3	no	no	30	yes	1	no	0.0
9397	positive	1	4	3.52	0.9431860898041275	-0.52	3	no	no	27	yes	2	yes	0.0
9526	positive	3	2	3.83	0.3726779962499649	0.16999999999999993	4	no	no	28	no	3	no	0.0
5908	positive	0	2	3.34	0.8742104859262632	1.66	5	no	no	26	no	2	no	0.0
3428	positive	1	3	5.0	0.0	0.0	5	no	no	29	no	4	no	0.0
13060	positive	1	8	3.26	1.1449144324013605	1.7400000000000002	5	no	no	25	yes	1	yes	0.0
773	negative	0	3	3.12	1.3232025740237638	-1.12	2	no	no	27	yes	7	no	0.0
2623	positive	1	4	4.22	0.9237938415731052	0.7800000000000002	5	no	no	27	yes	1	yes	0.0
1676	neutral	1	1	4.11	0.6911946824156303	-0.11000000000000032	4	no	no	18	no	0	no	0.0
11952	positive	2	1	4.12	0.927024810886958	0.8799999999999999	5	no	no	30	yes	1	yes	0.0
8169	positive	6	10	4.08	0.6273754856543249	-0.08000000000000007	4	no	no	28	no	1	yes	0.0
13171	positive	3	2	3.42	0.9902572485382516	0.5800000000000001	4	no	no	28	yes	1	yes	0.0
6043	positive	9	14	4.12	1.0731488267988851	-3.12	1	yes	no	139	no	2	no	0.0
6044	positive	3	7	4.12	1.0731488267988851	-3.12	1	yes	no	43	yes	1	no	1.0
6405	positive	0	1	4.12	1.0731488267988851	0.8799999999999999	5	no	no	36	no	1	no	1.0
6490	positive	7	5	4.6	0.7671775221329885	-3.6	1	no	no	34	no	3	no	1.0
6495	positive	2	3	4.6	0.7671775221329885	-2.6	2	no	no	23	yes	0	no	0.0
6776	positive	4	1	4.39	0.8456248044307639	-2.39	2	no	no	43	yes	0	no	1.0
7027	negative	0	1	3.95	0.9205976319760985	-0.9500000000000002	3	no	no	36	yes	3	no	1.0
7028	positive	0	1	3.95	0.9205976319760985	-1.95	2	no	no	50	yes	1	no	1.0
7036	positive	5	4	3.95	0.9205976319760985	0.049999999999999815	4	no	no	43	no	0	no	0.0
7037	negative	1	1	3.95	0.9205976319760985	-1.95	2	yes	no	31	no	0	no	1.0
7040	positive	5	4	3.95	0.9205976319760985	1.0499999999999998	5	no	no	31	no	0	no	1.0
7041	positive	0	2	3.95	0.9205976319760985	1.0499999999999998	5	no	no	46	yes	5	no	0.0
7048	positive	3	3	3.95	0.9205976319760985	1.0499999999999998	5	no	no	28	no	0	no	1.0
7059	positive	2	2	3.95	0.9205976319760985	1.0499999999999998	5	no	no	54	yes	2	no	1.0
7062	positive	2	3	3.95	0.9205976319760985	1.0499999999999998	5	no	no	33	no	0	no	1.0
7161	positive	6	5	4.0	0.5	1.0	5	no	no	45	yes	1	yes	1.0
7163	positive	4	7	4.0	0.5	0.0	4	no	no	30	yes	1	yes	1.0
7172	positive	1	4	4.4	0.4898979485566357	0.5999999999999996	5	no	no	36	yes	1	yes	1.0
7245	positive	5	6	4.14	0.6388765649999398	-0.13999999999999968	4	no	no	36	yes	4	yes	1.0
7247	positive	2	2	4.14	0.6388765649999398	-0.13999999999999968	4	no	no	35	yes	7	yes	1.0
7249	positive	4	7	4.14	0.6388765649999398	0.8600000000000003	5	no	no	53	yes	2	yes	1.0
7250	positive	5	4	4.5	0.5	-0.5	4	no	no	34	yes	0	no	1.0
7276	negative	7	3	2.67	1.247219128924647	-1.67	1	no	no	43	no	0	no	0.0
7790	negative	3	2	3.33	1.299572579307862	-1.33	2	no	no	32	yes	2	yes	1.0
8310	positive	2	4	3.36	1.1029737733588665	-1.36	2	no	no	40	yes	3	no	1.0
8365	positive	5	10	3.36	1.1029737733588665	-2.36	1	no	no	41	yes	7	yes	1.0
9469	positive	5	3	2.62	0.9921567416492216	-0.6200000000000001	2	no	no	41	no	0	no	0.0
14227	positive	6	4	3.5	0.7833494518006403	-1.5	2	no	no	44	yes	0	no	1.0
14277	negative	6	3	3.58	1.0897247358851685	0.4199999999999999	4	no	no	52	yes	1	no	1.0
14519	negative	5	4	3.78	1.0302226244619417	0.2200000000000002	4	no	no	44	yes	0	no	1.0
14579	positive	4	10	3.88	0.927024810886958	-1.88	2	no	no	84	yes	3	no	1.0
14741	negative	6	3	2.41	1.1601795752593602	1.59	4	no	no	38	yes	7	no	0.0
14756	positive	3	4	3.47	0.8055363982396382	-1.4700000000000002	2	no	no	29	yes	2	no	1.0
2337	positive	1	3	4.22	0.9237938415731052	-3.22	1	no	no	23	no	0	no	1.0
3071	negative	2	1	4.0	0.0	0.0	4	no	no	25	no	0	no	1.0
12907	positive	3	1	3.26	1.1449144324013605	-2.26	1	no	no	24	no	0	no	0.0
4262	positive	1	0	4.14	1.0312295868207546	-3.14	1	no	no	31	no	0	no	1.0
8491	positive	2	6	3.86	0.978403905486634	-1.86	2	no	no	20	yes	0	no	0.0
2349	positive	2	2	4.22	0.9237938415731052	-2.22	2	no	no	27	yes	4	yes	1.0
2899	negative	1	3	4.39	0.7509538568560856	-0.3899999999999997	4	no	no	29	yes	8	yes	1.0
12871	negative	3	4	3.85	0.9630680142129112	0.1499999999999999	4	no	no	29	no	3	no	1.0
4886	positive	1	3	3.71	0.880630571852711	-1.71	2	no	no	25	no	0	no	1.0
5910	negative	3	0	3.34	0.8742104859262632	0.6600000000000001	4	no	no	31	no	4	no	1.0
13121	positive	5	3	3.37	0.9888507732776418	0.6299999999999999	4	no	no	27	yes	1	yes	1.0
12956	positive	3	5	3.26	1.1449144324013605	-1.2599999999999998	2	no	no	24	yes	3	no	0.0
9393	positive	4	2	3.52	0.9431860898041275	-1.52	2	no	no	28	no	0	no	1.0
8953	positive	3	2	3.26	1.3511050161045721	-1.2599999999999998	2	no	no	29	no	0	no	1.0
13357	negative	5	1	3.6	0.8518886580500327	-0.6000000000000001	3	no	no	28	no	0	no	0.0
12501	negative	5	3	3.9	1.1298867159718735	0.10000000000000007	4	no	no	29	no	0	no	1.0
5489	positive	1	3	3.64	1.149919149152138	-1.64	2	no	no	25	yes	4	yes	1.0
6891	positive	3	8	3.59	1.1079414331998385	-1.59	2	no	no	25	no	1	no	1.0
14250	positive	4	0	3.0	1.0	-1.0	2	no	no	21	yes	0	no	0.0
11771	negative	4	5	3.11	1.1837350773966941	0.8900000000000001	4	no	no	23	no	0	no	1.0
12273	positive	5	3	3.58	0.8886592908251625	-1.58	2	no	no	28	yes	0	no	0.0
12669	negative	2	1	3.0	1.270977818604485	-1.0	2	no	no	29	yes	0	no	1.0
10812	positive	1	5	4.31	0.7730673554708377	-2.31	2	no	no	27	no	3	no	1.0
5412	negative	3	0	3.65	0.7816308243423683	0.3500000000000001	4	no	no	29	yes	1	yes	1.0
1236	positive	1	1	4.0	0.8660254037844386	-2.0	2	no	no	27	no	4	yes	1.0
1365	negative	1	3	2.9	1.1357816691600549	0.10000000000000007	3	no	no	25	yes	1	no	1.0
3330	negative	4	3	3.33	0.7453559924999298	0.6699999999999999	4	no	no	31	no	0	no	1.0
1763	positive	2	1	5.0	0.0	0.0	5	no	no	28	no	0	no	1.0
12698	negative	1	3	3.69	0.9910845174403944	0.31000000000000005	4	no	no	29	no	0	no	1.0
3346	negative	6	3	3.86	0.8329931278350429	0.14000000000000012	4	no	no	24	no	0	no	1.0
8766	negative	1	1	4.12	0.33071891388307384	-0.1200000000000001	4	no	no	28	no	1	no	0.0
9838	positive	1	4	3.66	0.9568577190008004	-1.66	2	no	no	31	yes	3	yes	1.0
4488	negative	0	0	2.21	1.0947936459577616	1.79	4	no	no	9	no	0	no	1.0
3105	positive	4	3	1.0	0.0	0.0	1	no	no	27	yes	2	no	1.0
4939	negative	3	3	3.23	1.024358172073753	0.77	4	no	no	28	no	0	no	1.0
2352	positive	2	6	4.22	0.9237938415731052	-2.22	2	no	no	25	yes	4	yes	1.0
12872	negative	3	3	3.85	0.9630680142129112	0.1499999999999999	4	no	no	30	no	3	no	1.0
7647	negative	2	2	3.52	1.1489021695511612	0.48	4	no	no	28	no	0	no	1.0
5118	positive	2	6	3.65	1.0316478235943218	-1.65	2	no	no	28	no	2	no	1.0
1617	positive	4	2	4.16	0.8332682266233364	-2.16	2	no	no	25	no	0	no	1.0
1228	positive	5	2	3.71	1.0473484499010843	-1.71	2	no	no	27	no	0	no	0.0
1058	positive	1	4	3.0	2.0	-2.0	1	no	no	30	yes	2	yes	1.0
2338	positive	4	5	4.22	0.9237938415731052	-3.22	1	no	no	23	no	3	no	1.0
11116	negative	6	2	2.62	1.3169567191065925	1.38	4	no	no	26	no	1	yes	1.0
8197	positive	4	5	4.1	1.0178027788184925	-3.1	1	no	no	21	no	0	no	1.0
5198	positive	3	3	3.84	0.9264833541603142	-1.84	2	no	no	27	no	0	no	0.0
5122	positive	1	0	3.65	1.0316478235943218	-1.65	2	no	no	28	yes	1	no	0.0
8541	positive	2	6	4.35	0.8595217959337828	-2.35	2	no	no	26	no	3	no	1.0
9177	positive	3	2	4.43	0.4948716593053935	0.5700000000000003	5	no	no	32	no	0	no	0.0
1497	positive	3	4	4.22	0.9162456945817024	-3.22	1	no	no	29	no	0	no	1.0
9959	positive	2	2	3.71	0.9828460685976329	-1.71	2	no	no	36	yes	3	no	1.0
9835	positive	5	2	3.66	0.9568577190008004	-1.66	2	no	no	25	yes	3	no	1.0
1875	negative	5	4	3.51	1.0360082764094731	0.4900000000000002	4	no	no	26	no	1	no	1.0
6105	positive	26	15	4.12	1.0731488267988851	-1.12	3	no	no	177	no	1	no	0.0
8449	positive	3	3	4.57	0.4948716593053935	0.4299999999999997	5	no	no	30	yes	1	yes	0.0
5365	negative	1	2	3.87	0.8994852550250956	1.13	5	no	no	37	no	3	no	0.0
6574	negative	2	3	3.67	0.4714045207910317	-0.6699999999999999	3	no	no	25	yes	1	no	0.0
14269	positive	1	5	4.27	0.6165754530113879	0.7300000000000004	5	no	no	31	yes	6	yes	0.0
6235	negative	4	5	4.12	1.0731488267988851	-2.12	2	no	no	67	no	1	no	0.0
1047	negative	0	1	4.43	0.4948716593053935	-0.4299999999999997	4	no	no	37	no	3	no	0.0
9411	negative	4	2	2.8	1.3266499161421599	0.20000000000000015	3	no	no	32	no	0	no	0.0
1197	positive	3	1	3.71	1.0473484499010843	-1.71	2	no	no	29	no	4	no	0.0
7328	positive	1	3	4.07	0.7395727789492144	0.9299999999999996	5	no	no	33	yes	1	yes	0.0
5750	positive	2	4	3.91	0.8625361098289438	0.08999999999999986	4	yes	no	28	yes	1	yes	0.0
12087	positive	1	4	3.8	0.7483314773547882	-0.7999999999999998	3	no	no	28	yes	1	no	0.0
10395	negative	3	2	2.79	0.9003075214714099	-0.79	2	no	no	38	no	5	no	0.0
2943	positive	2	1	3.97	0.7951240294584375	0.029999999999999805	4	no	no	39	yes	0	no	0.0
14614	positive	3	3	4.5	1.118033988749895	-0.5	4	no	no	34	yes	2	no	0.0
11240	negative	5	1	3.6	1.019803902718557	-1.6	2	no	no	39	yes	3	yes	0.0
6188	positive	1	3	4.12	1.0731488267988851	-0.1200000000000001	4	no	no	52	no	1	no	0.0
171	positive	1	6	5.0	0.0	0.0	5	no	no	33	yes	0	no	0.0
3581	positive	3	2	5.0	0.0	0.0	5	yes	no	33	yes	11	no	0.0
175	positive	3	3	4.5	0.8660254037844386	0.5	5	no	no	39	yes	7	yes	0.0
11379	positive	1	3	3.32	1.1968282914368602	-0.31999999999999984	3	no	no	30	no	3	yes	0.0
6740	positive	7	5	4.39	0.8456248044307639	0.6100000000000003	5	no	no	70	yes	2	no	0.0
5361	positive	2	4	3.87	0.8994852550250956	0.1299999999999999	4	no	no	33	no	0	no	0.0
14440	positive	3	2	3.3	1.0202645912902468	0.7000000000000002	4	no	no	31	yes	5	no	0.0
7211	positive	4	6	4.12	0.8912792481735744	-2.12	2	no	no	26	no	1	no	1.0
824	positive	4	6	3.66	1.2200565815910904	1.34	5	no	no	61	yes	9	yes	0.0
3732	positive	0	3	5.0	0.0	0.0	5	yes	no	38	yes	1	no	0.0
11049	positive	1	5	4.28	0.8252283867870568	0.7199999999999998	5	no	no	34	yes	1	yes	0.0
4694	negative	4	1	3.66	1.1061189758568812	-1.66	2	no	no	26	yes	1	no	0.0
14726	negative	6	2	2.41	1.1601795752593602	-1.41	1	no	no	71	no	4	no	0.0
12261	positive	2	5	3.58	0.8886592908251625	-0.5800000000000001	3	no	no	26	yes	1	yes	0.0
8316	positive	4	5	3.36	1.1029737733588665	-1.36	2	no	no	57	no	3	no	1.0
9429	negative	2	4	3.36	0.6428243465332251	-0.3599999999999999	3	no	no	28	no	0	no	0.0
14764	positive	5	2	3.93	0.9977753031397176	-0.9300000000000002	3	no	no	24	no	1	yes	0.0
8200	negative	3	5	4.1	1.0178027788184925	-2.1	2	no	no	29	no	7	yes	0.0
11705	positive	1	2	3.35	0.9922796563656326	0.6499999999999999	4	no	no	34	yes	1	no	0.0
7132	positive	5	3	3.8	0.4	-0.7999999999999998	3	no	no	27	yes	0	no	0.0
10590	negative	5	6	3.98	1.108482132868586	-1.98	2	no	no	31	yes	1	no	0.0
11157	negative	0	2	3.22	1.133115447465063	1.7799999999999998	5	no	no	29	yes	2	no	1.0
4962	positive	2	2	3.12	1.0124958908529371	-1.12	2	no	no	86	yes	9	yes	0.0
9900	positive	3	1	3.6	0.8	1.4	5	no	no	32	yes	0	no	0.0
8320	positive	3	1	3.36	1.1029737733588665	0.6400000000000001	4	no	no	28	no	0	no	0.0
14478	positive	3	5	4.42	0.759202798262025	-0.4199999999999999	4	no	no	38	no	1	yes	0.0
14750	positive	3	7	3.47	0.8055363982396382	-0.4700000000000002	3	no	no	66	yes	7	yes	0.0
3772	positive	6	3	4.0	0.0	0.0	4	no	no	27	no	0	no	0.0
4944	negative	1	5	3.12	1.0124958908529371	-1.12	2	no	no	30	no	1	no	0.0
6395	positive	6	4	4.12	1.0731488267988851	0.8799999999999999	5	yes	no	42	no	3	no	0.0
211	positive	4	6	4.02	0.9018939269611774	-0.01999999999999957	4	no	no	34	no	7	no	0.0
10739	positive	2	4	4.56	0.7490129559381904	-1.5599999999999996	3	no	no	43	no	10	no	0.0
5530	positive	6	3	3.67	0.7453559924999301	0.3300000000000001	4	no	no	26	no	0	no	0.0
5761	positive	2	3	3.91	0.8625361098289438	0.08999999999999986	4	no	no	50	yes	1	yes	0.0
1786	positive	2	6	4.19	0.6728250340783787	-0.1900000000000004	4	no	no	25	yes	9	no	0.0
1850	positive	1	2	3.51	1.0360082764094731	0.4900000000000002	4	yes	no	30	no	0	no	1.0
11077	negative	3	4	3.11	0.9938079899999066	-1.11	2	no	no	52	yes	6	no	0.0
10868	positive	3	5	3.69	1.2126844346247996	-0.69	3	no	no	27	yes	0	no	0.0
12536	negative	1	4	3.79	0.939496174140422	-0.79	3	no	no	36	no	10	no	0.0
3308	positive	4	2	3.85	1.1665962221617772	1.15	5	no	no	40	no	0	no	0.0
4624	positive	2	5	4.23	0.8034647195462633	-0.23000000000000045	4	no	no	32	no	0	no	0.0
3443	positive	4	7	4.5	0.5	0.5	5	no	no	45	yes	4	no	0.0
10318	positive	4	4	3.5	0.5	0.5	4	no	no	32	no	6	no	0.0
6931	positive	3	4	4.33	0.4714045207910317	-0.3300000000000001	4	yes	no	27	no	3	no	0.0
4916	positive	4	3	3.23	1.024358172073753	0.77	4	no	no	28	no	0	no	0.0
680	positive	4	2	3.71	1.0229461469577563	1.29	5	no	no	32	no	2	no	0.0
7046	negative	3	3	3.95	0.9205976319760985	0.049999999999999815	4	no	no	51	no	2	no	1.0
3362	negative	5	5	2.0	1.2649110640673518	-1.0	1	no	no	39	no	1	no	0.0
14472	positive	0	1	4.42	0.759202798262025	-1.42	3	no	no	33	no	0	no	0.0
6014	positive	3	1	3.5	1.118033988749895	-1.5	2	no	no	39	yes	3	yes	0.0
14050	positive	3	2	4.39	0.6641414050660638	-0.3899999999999997	4	no	no	32	yes	2	no	0.0
6402	positive	2	5	4.12	1.0731488267988851	0.8799999999999999	5	yes	no	50	no	6	no	0.0
7099	positive	3	6	4.45	0.6435578192102607	-0.4500000000000002	4	no	no	25	yes	0	no	0.0
720	positive	3	3	4.0	0.0	0.0	4	no	no	32	yes	2	no	0.0
12796	positive	3	3	4.1	1.1357816691600549	0.9000000000000004	5	no	no	48	yes	3	no	0.0
6554	positive	2	2	3.5	0.7637626158259734	0.5	4	no	no	32	no	0	no	0.0
1188	positive	2	4	3.71	1.0473484499010843	0.29000000000000004	4	no	no	31	no	2	yes	0.0
14432	positive	1	0	3.3	1.0202645912902468	0.7000000000000002	4	no	no	27	yes	0	no	0.0
7862	negative	1	0	3.57	1.1065666703449764	-1.5699999999999998	2	no	no	30	no	0	no	0.0
143	positive	2	4	4.18	1.0809232450680275	-0.17999999999999972	4	no	no	36	no	2	no	0.0
7119	positive	3	4	4.45	0.6435578192102607	0.5499999999999998	5	no	no	26	yes	0	no	0.0
4316	positive	3	2	4.14	1.0312295868207546	0.8600000000000003	5	no	no	31	no	0	no	0.0
10636	negative	3	6	3.98	1.108482132868586	0.020000000000000014	4	no	no	80	yes	11	yes	0.0
11448	positive	3	4	3.31	0.8542809364414887	-0.31000000000000005	3	yes	no	32	yes	2	yes	0.0
6142	negative	6	4	4.12	1.0731488267988851	-2.12	2	no	no	49	no	0	no	0.0
14291	positive	7	8	3.58	1.0897247358851685	1.42	5	no	no	53	yes	3	no	0.0
93	positive	2	5	4.27	0.8271134125762523	0.7300000000000004	5	no	no	35	yes	0	no	0.0
6301	negative	2	2	4.12	1.0731488267988851	0.8799999999999999	5	no	no	43	no	0	no	0.0
11118	negative	4	3	2.62	1.3169567191065925	0.3799999999999999	3	no	no	27	no	1	yes	0.0
8183	positive	3	4	3.5	1.5	1.5	5	no	no	32	yes	0	no	0.0
8902	positive	2	3	4.5	0.7071067811865476	0.5	5	no	no	31	yes	6	no	0.0
6379	positive	8	11	4.12	1.0731488267988851	0.8799999999999999	5	no	no	152	yes	5	no	0.0
5796	positive	5	4	3.53	1.0165867762208407	0.4700000000000002	4	no	no	26	no	0	no	0.0
4527	positive	2	2	4.23	0.8034647195462633	-0.23000000000000045	4	no	no	28	yes	2	no	0.0
6261	positive	7	2	4.12	1.0731488267988851	-0.1200000000000001	4	no	no	53	no	1	no	0.0
9025	positive	3	4	2.92	1.0714144828603172	1.08	4	no	no	28	yes	1	yes	0.0
14975	negative	5	5	3.71	0.924484332088336	0.29000000000000004	4	no	no	27	no	0	no	0.0
6061	positive	3	5	4.12	1.0731488267988851	-2.12	2	no	no	45	yes	0	no	0.0
3442	positive	5	6	4.5	0.5	-0.5	4	no	no	83	yes	21	yes	0.0
834	positive	6	3	3.66	1.2200565815910904	1.34	5	no	no	55	yes	1	no	0.0
12404	positive	0	5	3.0	0.0	0.0	3	no	no	28	yes	1	no	0.0
10179	positive	2	1	3.5	0.5	0.5	4	no	no	23	no	0	no	0.0
9043	positive	5	3	2.58	1.044143996961402	0.4199999999999999	3	no	no	26	yes	1	no	0.0
5199	positive	5	2	3.84	0.9264833541603142	0.16000000000000014	4	no	no	26	no	0	no	0.0
3014	negative	5	2	4.2	0.7483314773547882	-0.20000000000000015	4	no	no	35	no	3	no	0.0
13347	positive	2	5	3.0	0.0	0.0	3	no	no	33	no	2	no	0.0
6374	positive	8	6	4.12	1.0731488267988851	0.8799999999999999	5	no	no	95	no	1	yes	0.0
3731	positive	4	8	5.0	0.0	0.0	5	yes	no	59	yes	1	no	0.0
11721	positive	1	2	3.35	0.9922796563656326	1.65	5	no	no	43	no	2	no	0.0
9908	negative	2	0	2.65	0.8817596044274201	-0.6499999999999999	2	no	no	23	no	0	no	0.0
4482	negative	7	0	2.21	1.0947936459577616	-1.21	1	no	no	34	yes	3	yes	0.0
3086	positive	6	6	4.5	0.8660254037844386	0.5	5	no	no	76	no	14	no	0.0
12274	positive	4	4	3.58	0.8886592908251625	-0.5800000000000001	3	no	no	32	no	2	yes	0.0
10291	negative	9	5	3.96	0.8229799015573509	-1.96	2	no	no	31	yes	0	no	0.0
11815	positive	5	6	5.0	0.0	0.0	5	no	no	105	yes	3	no	0.0
5315	positive	1	0	4.21	1.039998664529057	-0.21	4	no	no	33	no	7	no	0.0
10266	negative	7	4	4.45	0.7820295697311477	-1.4500000000000002	3	no	no	81	yes	5	yes	0.0
874	negative	7	9	3.66	1.2200565815910904	1.34	5	no	no	137	yes	8	yes	0.0
13042	positive	2	2	3.26	1.1449144324013605	0.7400000000000002	4	no	no	34	yes	1	no	0.0
2098	positive	4	4	3.6	1.019803902718557	0.3999999999999999	4	no	no	28	yes	0	no	0.0
3805	positive	3	2	4.42	0.6400954789890507	0.5800000000000001	5	yes	no	31	no	0	no	0.0
9229	positive	4	4	3.82	0.8474150369789052	-0.8199999999999998	3	no	no	33	no	0	no	0.0
2734	positive	6	4	3.34	0.9509994742374992	-1.34	2	no	no	28	no	1	no	0.0
6033	positive	0	2	4.0	1.0690449676496976	-2.0	2	no	no	27	yes	7	yes	0.0
11363	positive	3	5	3.32	1.1968282914368602	-0.31999999999999984	3	no	no	26	no	0	no	0.0
13454	positive	4	5	3.9	0.9379864573139146	1.1	5	no	no	26	no	3	no	0.0
11093	negative	4	8	3.43	0.9035079029052512	-0.43000000000000016	3	no	no	48	yes	0	no	0.0
3019	positive	2	10	4.2	0.7483314773547882	0.7999999999999998	5	no	no	39	yes	5	no	0.0
6874	positive	0	1	3.59	1.1079414331998385	-0.5899999999999999	3	no	no	26	no	12	no	0.0
12782	positive	1	2	4.1	1.1357816691600549	0.9000000000000004	5	no	no	30	no	0	no	0.0
3233	positive	9	12	3.14	1.1866605518454392	0.8599999999999999	4	no	no	74	yes	4	yes	0.0
10454	positive	3	2	3.43	0.7284313590846836	0.5699999999999998	4	no	no	33	yes	3	no	0.0
7058	positive	5	3	3.95	0.9205976319760985	1.0499999999999998	5	no	no	43	no	0	no	0.0
9199	negative	5	3	3.34	1.1529829998138268	-1.34	2	no	no	22	yes	0	no	0.0
3724	positive	2	4	4.33	0.4714045207910317	-0.3300000000000001	4	no	no	62	yes	0	no	0.0
5868	negative	2	1	3.34	0.8742104859262632	-1.34	2	no	no	32	yes	0	no	0.0
4581	positive	3	2	4.23	0.8034647195462633	-0.23000000000000045	4	no	no	35	no	1	no	0.0
9236	positive	6	4	3.82	0.8474150369789052	-0.8199999999999998	3	no	no	26	no	0	no	0.0
3996	negative	1	0	3.96	1.1558952158392213	0.040000000000000036	4	no	no	36	no	3	no	0.0
10031	negative	2	0	3.35	0.9977785977748344	0.6499999999999999	4	no	no	33	yes	1	yes	0.0
9916	negative	0	1	2.65	0.8817596044274201	0.3500000000000001	3	no	no	29	no	0	no	0.0
14480	positive	4	5	4.42	0.759202798262025	0.5800000000000001	5	no	no	47	yes	4	no	0.0
11961	positive	2	1	5.0	0.0	0.0	5	no	no	33	no	1	no	0.0
1926	positive	2	3	4.58	0.5907880084379908	-0.5800000000000001	4	no	no	31	no	12	yes	0.0
10393	positive	1	0	2.67	0.9428090415820634	-0.6699999999999999	2	no	no	48	no	1	no	0.0
10080	positive	7	6	4.41	1.0323487514578968	-0.41000000000000014	4	no	no	64	no	1	yes	0.0
11035	positive	2	3	4.28	0.8252283867870568	0.7199999999999998	5	no	no	24	yes	2	yes	0.0
11007	positive	6	1	3.71	1.1605769149479943	1.29	5	no	no	31	no	0	no	0.0
14544	negative	5	3	3.78	1.0302226244619417	-1.7799999999999998	2	no	no	91	no	3	yes	0.0
6760	positive	2	5	4.39	0.8456248044307639	-0.3899999999999997	4	no	no	37	yes	2	no	0.0
14484	negative	6	4	3.0	0.0	0.0	3	no	no	35	no	6	no	0.0
12965	positive	5	1	3.26	1.1449144324013605	-0.2599999999999998	3	no	no	29	no	4	no	0.0
6569	positive	3	1	3.12	0.7806247497997998	0.8799999999999999	4	no	no	25	yes	3	no	0.0
6544	positive	7	7	4.6	0.7671775221329885	0.4000000000000004	5	no	no	62	yes	2	no	0.0
6010	positive	1	5	3.5	1.118033988749895	-1.5	2	no	no	40	yes	9	no	1.0
3239	positive	3	2	3.14	1.1866605518454392	0.8599999999999999	4	no	no	43	yes	3	no	0.0
13251	positive	7	2	4.12	1.0532687216470449	-0.1200000000000001	4	no	no	25	yes	2	no	0.0
14088	negative	2	3	4.39	0.6641414050660638	-0.3899999999999997	4	no	no	26	yes	3	no	0.0
4998	positive	0	2	3.57	1.1956998857302172	-0.5699999999999998	3	no	no	33	no	0	no	0.0
5997	positive	3	1	3.38	0.9921567416492216	1.62	5	no	no	34	yes	1	yes	0.0
13743	positive	1	2	4.0	1.137592917989042	1.0	5	no	no	25	yes	1	no	0.0
9711	positive	5	4	3.6	0.6633249580710799	0.3999999999999999	4	no	no	37	no	0	no	0.0
11252	negative	4	2	3.08	1.440968038815882	-0.08000000000000007	3	no	no	27	no	1	no	0.0
5693	positive	2	5	3.91	0.8625361098289438	0.08999999999999986	4	no	no	49	no	1	no	0.0
11279	positive	5	3	3.71	0.9005915819220351	0.29000000000000004	4	no	no	53	yes	3	yes	0.0
3315	positive	3	2	3.5	0.5	0.5	4	no	no	42	no	9	no	0.0
6948	positive	8	6	3.33	1.2472191289246473	1.67	5	no	no	49	yes	2	no	0.0
10108	negative	4	1	4.23	0.8356716504931926	-0.23000000000000045	4	no	no	24	yes	0	no	0.0
11799	positive	1	4	4.4	0.7999999999999999	0.5999999999999996	5	no	no	29	no	0	no	0.0
11438	positive	2	4	3.31	0.8542809364414887	-0.31000000000000005	3	no	no	34	no	0	no	0.0
6757	positive	3	1	4.39	0.8456248044307639	0.6100000000000003	5	no	no	51	no	0	no	0.0
4929	negative	2	0	3.23	1.024358172073753	-0.23	3	no	no	32	no	0	no	0.0
8768	positive	0	2	4.12	0.33071891388307384	-0.1200000000000001	4	no	no	33	no	0	no	0.0
10314	positive	5	5	3.96	0.8229799015573509	0.040000000000000036	4	no	no	32	yes	3	yes	0.0
9970	negative	3	3	3.71	0.9828460685976329	1.29	5	no	no	30	no	0	no	0.0
10119	positive	6	6	4.23	0.8356716504931926	-1.2300000000000004	3	no	no	37	yes	0	no	0.0
2965	positive	2	2	3.97	0.7951240294584375	0.029999999999999805	4	no	no	28	yes	1	yes	0.0
6396	positive	1	4	4.12	1.0731488267988851	-0.1200000000000001	4	yes	no	39	no	10	no	0.0
6063	positive	3	3	4.12	1.0731488267988851	0.8799999999999999	5	no	no	107	yes	4	yes	0.0
5711	positive	1	3	3.91	0.8625361098289438	0.08999999999999986	4	no	no	57	yes	10	yes	0.0
3478	positive	6	9	5.0	0.0	0.0	5	no	no	77	yes	6	yes	0.0
14303	positive	3	6	3.58	1.0897247358851685	0.4199999999999999	4	no	no	45	yes	0	no	0.0
62	positive	1	3	3.67	1.563471919941143	-0.6699999999999999	3	no	no	32	no	3	no	0.0
6377	positive	10	14	4.12	1.0731488267988851	0.8799999999999999	5	yes	no	119	yes	1	yes	0.0
7210	negative	4	2	4.12	0.8912792481735744	-1.12	3	no	no	28	no	0	no	0.0
1538	positive	1	2	4.61	0.5905636562630361	0.3899999999999997	5	no	no	27	no	1	no	0.0
10164	positive	3	5	4.23	0.8356716504931926	0.7699999999999996	5	no	no	41	yes	4	yes	0.0
11194	positive	3	5	3.27	0.8624393618641035	-0.27	3	no	no	34	yes	0	no	0.0
6162	positive	2	4	4.12	1.0731488267988851	-0.1200000000000001	4	no	no	31	no	0	no	0.0
6161	positive	4	2	4.12	1.0731488267988851	-0.1200000000000001	4	no	no	37	yes	0	no	0.0
11305	positive	2	4	3.71	0.9005915819220351	-0.71	3	no	no	34	yes	0	no	0.0
9413	positive	2	1	2.8	1.3266499161421599	1.2000000000000002	4	no	no	33	no	0	no	0.0
4442	positive	3	4	3.75	1.0103629710818451	-0.75	3	no	no	29	no	1	no	0.0
12441	positive	4	4	3.25	0.4330127018922193	-0.25	3	no	no	29	no	0	no	0.0
6348	positive	3	5	4.12	1.0731488267988851	0.8799999999999999	5	no	no	47	no	3	no	0.0
2651	negative	0	2	2.79	0.9003075214714099	-0.79	2	no	no	30	yes	0	no	0.0
10392	negative	2	1	2.67	0.9428090415820634	-0.6699999999999999	2	no	no	65	no	5	no	0.0
5928	negative	5	5	3.0	1.0	-1.0	2	no	no	37	no	1	no	0.0
12102	positive	2	4	3.29	0.4517539514526257	0.71	4	no	no	26	yes	3	no	0.0
4840	positive	1	3	4.26	0.739985036788772	0.7400000000000002	5	no	no	38	yes	2	no	0.0
6317	negative	2	6	4.12	1.0731488267988851	0.8799999999999999	5	no	no	90	yes	6	no	0.0
8256	positive	4	3	4.1	1.0178027788184925	-1.0999999999999996	3	no	no	26	no	0	no	0.0
4972	positive	0	3	4.5	0.5	0.5	5	no	no	32	no	0	no	0.0
4739	positive	2	4	3.66	1.1061189758568812	0.33999999999999986	4	yes	no	26	no	2	no	0.0
1839	positive	1	2	3.51	1.0360082764094731	0.4900000000000002	4	no	no	25	no	0	no	0.0
1258	positive	2	4	4.0	0.6030226891555273	1.0	5	no	no	34	no	2	no	0.0
10862	positive	3	7	3.69	1.2126844346247996	0.31000000000000005	4	no	no	34	yes	2	no	0.0
4961	negative	2	5	3.12	1.0124958908529371	-1.12	2	no	no	40	yes	1	no	0.0
11306	positive	4	4	3.71	0.9005915819220351	0.29000000000000004	4	no	no	52	yes	3	yes	0.0
554	negative	2	4	4.35	0.6720942215163227	-0.34999999999999964	4	no	no	35	yes	1	no	0.0
6319	positive	5	3	4.12	1.0731488267988851	-0.1200000000000001	4	no	no	45	no	0	no	0.0
10502	negative	3	2	2.93	0.9977753031397176	-0.9300000000000002	2	no	no	32	no	0	no	0.0
1105	positive	1	4	4.2	0.9797958971132712	0.7999999999999998	5	no	no	29	no	0	no	0.0
10123	positive	4	7	4.23	0.8356716504931926	0.7699999999999996	5	no	no	78	yes	14	no	0.0
8683	positive	2	5	4.0	0.7669649888473704	0.0	4	no	no	27	no	0	no	0.0
6413	positive	6	4	4.12	1.0731488267988851	-0.1200000000000001	4	no	no	120	no	0	no	0.0
6015	positive	3	2	3.5	1.118033988749895	-1.5	2	no	no	49	yes	1	no	1.0
1369	positive	1	3	5.0	0.0	0.0	5	no	no	25	no	0	no	0.0
11326	positive	8	5	3.71	0.9005915819220351	0.29000000000000004	4	no	no	62	yes	2	no	0.0
13218	negative	4	6	4.53	0.4991341984846218	-0.5300000000000002	4	yes	no	60	yes	3	no	1.0
9979	negative	6	0	3.15	1.2307692307692306	-1.15	2	no	no	28	no	0	no	0.0
10074	positive	1	3	4.41	1.0323487514578968	0.5899999999999999	5	no	no	35	yes	10	no	0.0
13944	positive	0	2	4.36	0.8151917987487842	0.6399999999999997	5	no	no	25	no	3	yes	0.0
9226	negative	7	6	3.82	0.8474150369789052	0.18000000000000016	4	no	no	65	yes	0	no	0.0
13425	negative	4	6	3.9	0.9379864573139146	-2.9	1	no	no	56	no	4	no	0.0
7551	negative	6	5	4.0	1.0690449676496976	0.0	4	no	no	37	yes	2	yes	0.0
11067	positive	3	10	4.1	0.8306623862918074	-0.09999999999999963	4	no	no	91	yes	8	yes	0.0
6523	positive	5	8	4.6	0.7671775221329885	0.4000000000000004	5	no	no	56	yes	0	no	0.0
9172	positive	1	4	4.56	0.4969039949999533	-0.5599999999999996	4	no	no	25	yes	1	yes	0.0
6143	positive	5	4	4.12	1.0731488267988851	-1.12	3	no	no	72	no	0	no	0.0
5740	positive	2	1	3.91	0.8625361098289438	1.09	5	no	no	32	no	4	no	0.0
14164	positive	7	1	3.36	0.8316551148834284	-0.3599999999999999	3	no	no	23	no	0	no	0.0
14556	positive	5	6	3.78	1.0302226244619417	1.2200000000000002	5	no	no	49	yes	2	no	0.0
9194	positive	5	2	3.34	1.1529829998138268	-1.34	2	no	no	31	no	0	no	0.0
3188	positive	5	4	3.14	1.1866605518454392	-0.14000000000000012	3	no	no	34	yes	0	no	0.0
6520	positive	1	7	4.6	0.7671775221329885	0.4000000000000004	5	no	no	38	no	11	no	0.0
12304	positive	6	5	4.0	0.8164965809277259	0.0	4	no	no	55	yes	2	no	0.0
11480	positive	4	5	3.05	1.1741740958036146	-0.049999999999999815	3	no	no	32	yes	3	no	0.0
14921	positive	1	3	3.18	0.9359663764533636	0.8199999999999998	4	no	no	29	yes	1	yes	0.0
10633	positive	2	5	3.98	1.108482132868586	1.02	5	yes	no	65	yes	7	no	0.0
3306	positive	3	6	3.85	1.1665962221617772	1.15	5	no	no	19	no	1	no	0.0
6930	positive	3	2	4.33	0.4714045207910317	-0.3300000000000001	4	no	no	39	yes	9	no	0.0
6177	positive	1	4	4.12	1.0731488267988851	-0.1200000000000001	4	no	no	33	no	5	no	0.0
5724	positive	1	2	3.91	0.8625361098289438	-0.91	3	no	no	31	yes	0	no	0.0
564	positive	3	7	4.35	0.6720942215163227	-0.34999999999999964	4	no	no	32	no	3	no	0.0
3226	positive	6	2	3.14	1.1866605518454392	-1.14	2	no	no	26	no	0	no	0.0
7080	positive	0	4	4.45	0.6435578192102607	0.5499999999999998	5	no	no	40	no	1	no	0.0
2262	positive	1	6	3.61	0.8167569018592338	0.3900000000000001	4	no	no	33	yes	1	no	0.0
11436	positive	2	2	3.31	0.8542809364414887	-0.31000000000000005	3	no	no	25	no	1	yes	0.0
11616	positive	1	5	3.43	0.8865524036138771	-0.43000000000000016	3	no	no	34	no	6	no	0.0
10628	positive	7	3	3.98	1.108482132868586	0.020000000000000014	4	no	no	38	no	6	no	0.0
2054	positive	2	1	4.0	1.0718844015157447	1.0	5	no	no	30	no	3	no	0.0
6002	positive	1	1	3.38	0.9921567416492216	1.62	5	no	no	38	yes	1	no	0.0
9086	positive	19	11	5.0	0.0	0.0	5	no	no	112	yes	6	no	0.0
7626	negative	5	2	3.52	1.1489021695511612	-1.52	2	no	no	32	yes	0	no	0.0
10339	positive	3	3	3.5	1.284523257866513	-0.5	3	no	no	27	no	0	no	0.0
994	positive	1	0	5.0	0.0	0.0	5	no	no	42	no	2	no	0.0
2723	negative	5	2	3.34	0.9509994742374992	-0.33999999999999986	3	no	no	31	no	0	no	0.0
5659	positive	2	4	3.88	0.33071891388307384	0.1200000000000001	4	no	no	27	no	0	no	0.0
3088	negative	3	0	4.5	0.8660254037844386	0.5	5	no	no	42	no	1	yes	0.0
9840	positive	5	2	3.66	0.9568577190008004	0.33999999999999986	4	no	no	31	yes	0	no	0.0
6094	positive	4	8	4.12	1.0731488267988851	-2.12	2	no	no	30	no	9	no	1.0
4147	positive	5	4	4.48	0.5800723506141885	0.5199999999999996	5	no	no	61	no	2	yes	0.0
8726	positive	1	2	4.0	0.7385489458759964	0.0	4	no	no	26	yes	0	no	0.0
8372	negative	2	1	3.36	1.1029737733588665	1.64	5	no	no	52	yes	4	no	0.0
8910	positive	1	4	3.45	0.9733961166965892	1.5499999999999998	5	no	no	27	no	0	no	0.0
10400	positive	1	4	2.79	0.9003075214714099	0.21	3	no	no	30	no	0	no	0.0
6209	positive	4	9	4.12	1.0731488267988851	0.8799999999999999	5	no	no	73	no	4	no	0.0
3064	positive	8	8	3.65	1.4126436670928428	0.3500000000000001	4	no	no	57	yes	1	no	0.0
9483	positive	3	2	4.71	0.5890150893739516	0.29000000000000004	5	yes	no	48	yes	2	no	0.0
4008	positive	4	4	3.96	1.1558952158392213	-2.96	1	no	no	35	no	4	no	0.0
4542	positive	1	1	4.23	0.8034647195462633	-0.23000000000000045	4	no	no	36	no	0	no	0.0
2309	positive	2	0	5.0	0.0	0.0	5	no	no	31	no	1	yes	0.0
11796	positive	5	2	4.0	0.7385489458759964	1.0	5	no	no	37	yes	2	no	0.0
6593	positive	0	5	3.75	0.4330127018922193	0.25	4	no	no	51	yes	0	no	0.0
3174	positive	4	3	3.14	1.1866605518454392	-1.14	2	no	no	36	no	1	yes	0.0
6968	positive	0	3	4.24	0.9716646702463552	0.7599999999999998	5	yes	no	34	no	5	no	0.0
10936	negative	0	3	2.52	1.1978490095404617	-0.52	2	no	no	27	no	0	no	0.0
7076	positive	1	3	4.45	0.6435578192102607	-0.4500000000000002	4	no	no	33	yes	2	yes	0.0
14749	positive	6	6	3.47	0.8055363982396382	0.5299999999999998	4	no	no	55	yes	4	yes	0.0
14967	positive	2	1	3.71	0.924484332088336	1.29	5	no	no	31	yes	2	no	0.0
6614	positive	1	1	5.0	0.0	0.0	5	no	no	31	yes	0	no	0.0
11690	negative	5	2	3.35	0.9922796563656326	-0.3500000000000001	3	no	no	24	yes	0	no	0.0
8294	positive	4	3	4.1	1.0178027788184925	0.9000000000000004	5	yes	no	35	no	1	no	0.0
3248	positive	3	4	3.14	1.1866605518454392	1.86	5	no	no	83	no	0	no	0.0
1208	positive	3	3	3.71	1.0473484499010843	1.29	5	no	no	34	yes	4	yes	0.0
12603	negative	3	3	2.33	0.9428090415820634	0.6699999999999999	3	no	no	29	yes	2	no	0.0
6909	positive	2	3	3.59	1.1079414331998385	0.41000000000000014	4	no	no	25	no	3	no	0.0
10730	positive	18	9	4.56	0.7490129559381904	-0.5599999999999996	4	no	no	101	yes	10	yes	0.0
13876	negative	7	4	4.36	0.8151917987487842	-1.3600000000000003	3	no	no	25	no	0	no	0.0
13134	positive	3	4	4.0	1.0	-1.0	3	no	no	26	yes	2	no	0.0
2746	positive	2	3	3.34	0.9509994742374992	-0.33999999999999986	3	no	no	31	yes	1	yes	0.0
14112	negative	4	1	4.43	0.7284313590846835	-0.4299999999999997	4	no	no	25	no	0	no	0.0
4747	positive	0	11	3.66	1.1061189758568812	1.34	5	no	no	53	no	4	no	0.0
6953	positive	2	5	2.83	1.2133516482134197	1.17	4	no	no	35	no	3	no	0.0
12676	positive	10	3	3.0	1.270977818604485	0.0	3	no	no	28	no	0	no	0.0
7274	positive	3	4	4.67	0.4714045207910317	0.3300000000000001	5	no	no	44	yes	7	yes	0.0
8915	positive	3	5	3.45	0.9733961166965892	-0.4500000000000002	3	no	no	29	yes	3	yes	0.0
8187	positive	6	6	3.43	0.9035079029052512	0.5699999999999998	4	no	no	32	no	0	no	0.0
6731	positive	6	6	4.39	0.8456248044307639	-0.3899999999999997	4	no	no	61	yes	4	yes	0.0
11654	positive	5	3	5.0	0.0	0.0	5	no	no	31	yes	1	yes	0.0
12702	positive	2	4	3.69	0.9910845174403944	0.31000000000000005	4	no	no	26	yes	0	no	0.0
11682	positive	2	4	3.35	0.9922796563656326	-0.3500000000000001	3	no	no	74	yes	1	no	0.0
3171	negative	2	1	3.14	1.1866605518454392	-1.14	2	no	no	29	no	0	no	0.0
13204	positive	5	6	4.0	0.8164965809277259	-1.0	3	no	no	27	yes	0	no	0.0
10435	positive	3	5	5.0	0.0	0.0	5	no	no	27	yes	3	no	0.0
4602	negative	3	4	4.23	0.8034647195462633	-0.23000000000000045	4	no	no	32	no	5	no	0.0
14306	positive	4	2	3.58	1.0897247358851685	1.42	5	yes	no	36	yes	1	no	0.0
13745	positive	1	2	4.0	1.137592917989042	-1.0	3	no	no	36	yes	2	no	0.0
1731	positive	8	4	3.2	0.9797958971132712	-1.2000000000000002	2	no	no	37	no	1	no	1.0
14555	positive	4	2	3.78	1.0302226244619417	0.2200000000000002	4	no	no	42	yes	0	no	0.0
10259	positive	0	3	3.82	0.9226110083151836	1.1800000000000002	5	no	no	31	no	1	yes	0.0
6325	positive	2	1	4.12	1.0731488267988851	-0.1200000000000001	4	no	no	55	no	0	no	0.0
6203	positive	7	5	4.12	1.0731488267988851	0.8799999999999999	5	no	no	85	yes	9	no	0.0
10533	positive	9	6	3.3	1.1	-0.2999999999999998	3	no	no	45	no	1	no	0.0
2739	negative	4	2	3.34	0.9509994742374992	-1.34	2	no	no	30	no	2	no	0.0
3583	positive	11	9	5.0	0.0	0.0	5	no	no	112	no	10	no	0.0
5815	negative	6	0	3.53	1.0165867762208407	-0.5299999999999998	3	no	no	22	yes	0	no	0.0
8374	positive	4	3	4.17	0.37267799624996495	-0.16999999999999993	4	no	no	44	no	0	no	0.0
4698	negative	4	2	3.66	1.1061189758568812	-0.6600000000000001	3	no	no	34	no	0	no	0.0
7113	positive	4	1	4.45	0.6435578192102607	0.5499999999999998	5	no	no	30	yes	3	no	0.0
8906	positive	3	2	3.45	0.9733961166965892	-1.4500000000000002	2	no	no	26	no	0	no	1.0
6532	positive	3	1	4.6	0.7671775221329885	0.4000000000000004	5	no	no	30	yes	0	no	0.0
13217	positive	7	4	4.53	0.4991341984846218	-0.5300000000000002	4	no	no	40	yes	0	no	0.0
14301	positive	2	4	3.58	1.0897247358851685	-0.5800000000000001	3	no	no	31	no	0	no	0.0
1814	positive	3	4	3.51	1.0360082764094731	-1.5099999999999998	2	no	no	26	no	0	no	0.0
529	positive	6	4	4.35	0.6720942215163227	-0.34999999999999964	4	no	no	27	yes	0	no	0.0
12125	negative	4	3	3.89	0.8748897637790901	-0.8900000000000001	3	no	no	35	no	3	yes	0.0
11708	positive	10	9	3.35	0.9922796563656326	1.65	5	yes	no	157	no	5	yes	0.0
14798	negative	2	2	3.67	1.1613177876151803	-0.6699999999999999	3	no	no	27	no	0	no	0.0
13224	positive	3	5	4.53	0.4991341984846218	0.4699999999999998	5	no	no	28	yes	0	no	0.0
5549	negative	1	2	3.44	0.9255540977271896	-0.44	3	no	no	25	yes	0	no	0.0
11561	negative	4	4	3.09	1.137877779122339	-0.08999999999999986	3	no	no	23	yes	2	no	0.0
699	positive	2	3	3.71	1.0229461469577563	1.29	5	no	no	26	no	2	yes	0.0
4462	negative	3	4	2.21	1.0947936459577616	-1.21	1	no	no	27	no	0	no	0.0
9476	negative	10	5	4.71	0.5890150893739516	0.29000000000000004	5	no	no	93	yes	3	yes	0.0
10993	negative	10	3	3.4	0.8	-0.3999999999999999	3	no	no	30	yes	0	no	0.0
6755	positive	4	3	4.39	0.8456248044307639	-0.3899999999999997	4	no	no	53	yes	3	no	0.0
14711	positive	6	5	3.75	1.3919410907075054	-0.75	3	no	no	28	yes	0	no	0.0
4492	positive	4	3	3.88	0.9709316831442536	-0.8799999999999999	3	no	no	28	yes	11	yes	0.0
8682	positive	4	4	4.0	0.7669649888473704	0.0	4	no	no	21	no	0	no	0.0
4141	positive	4	4	4.48	0.5800723506141885	0.5199999999999996	5	no	no	35	yes	4	no	0.0
14729	negative	5	4	2.41	1.1601795752593602	0.5899999999999999	3	no	no	51	yes	0	no	0.0
3207	positive	4	3	3.14	1.1866605518454392	0.8599999999999999	4	no	no	55	yes	7	no	0.0
1078	negative	5	6	5.0	0.0	0.0	5	no	no	71	yes	0	no	0.0
7512	positive	4	4	3.6	0.757801450611407	0.3999999999999999	4	no	no	27	yes	0	no	0.0
3043	positive	3	6	4.29	1.385051387833237	0.71	5	no	no	30	no	1	no	0.0
7450	negative	6	7	3.31	1.1575161985907585	-1.31	2	no	no	29	no	1	no	0.0
6163	positive	0	3	4.12	1.0731488267988851	-0.1200000000000001	4	no	no	33	no	0	no	0.0
3245	negative	6	5	3.14	1.1866605518454392	0.8599999999999999	4	no	no	69	yes	3	yes	0.0
6741	positive	2	3	4.39	0.8456248044307639	0.6100000000000003	5	no	no	25	yes	2	no	0.0
10261	negative	2	3	3.82	0.9226110083151836	1.1800000000000002	5	no	no	101	yes	1	yes	0.0
10781	positive	7	11	4.56	0.7490129559381904	0.4400000000000004	5	no	no	121	yes	5	no	0.0
14527	positive	9	2	3.78	1.0302226244619417	0.2200000000000002	4	no	no	35	yes	3	yes	0.0
10870	positive	2	5	3.69	1.2126844346247996	-0.69	3	no	no	31	yes	12	no	0.0
7262	positive	2	2	4.1	0.8306623862918074	-0.09999999999999963	4	no	no	29	no	0	no	0.0
6759	positive	13	7	4.39	0.8456248044307639	0.6100000000000003	5	no	no	57	yes	1	yes	0.0
12222	positive	0	3	4.08	0.9090593428863096	-0.08000000000000007	4	no	no	39	yes	1	yes	0.0
881	positive	8	3	3.66	1.2200565815910904	1.34	5	no	no	58	yes	3	no	0.0
48	negative	2	4	1.0	0.0	0.0	1	no	no	23	no	0	no	0.0
14239	positive	5	5	3.5	0.7833494518006403	-0.5	3	no	no	53	no	4	no	0.0
9613	positive	2	5	4.18	0.9301721613957464	0.8200000000000003	5	no	no	44	yes	0	no	0.0
5340	negative	5	3	3.0	0.0	0.0	3	no	no	30	no	0	no	0.0
4444	positive	1	3	3.75	1.0103629710818451	-0.75	3	no	no	45	yes	3	yes	0.0
3232	positive	14	7	3.14	1.1866605518454392	0.8599999999999999	4	no	no	58	yes	0	no	0.0
9379	positive	2	3	3.52	0.9431860898041275	-1.52	2	no	no	38	yes	8	no	0.0
842	negative	1	3	3.66	1.2200565815910904	-0.6600000000000001	3	no	no	35	yes	9	no	0.0
13435	negative	4	8	3.9	0.9379864573139146	-1.9	2	no	no	75	no	4	yes	0.0
11518	negative	4	2	3.05	1.1741740958036146	-1.0499999999999998	2	no	no	35	yes	0	no	0.0
13445	positive	0	6	3.9	0.9379864573139146	0.10000000000000007	4	no	no	43	yes	6	no	0.0
14380	negative	4	4	2.5	0.957427107756338	-0.5	2	no	no	49	yes	5	no	0.0
6168	positive	6	5	4.12	1.0731488267988851	-0.1200000000000001	4	no	no	32	no	0	no	0.0
11307	positive	1	3	3.71	0.9005915819220351	0.29000000000000004	4	no	no	28	yes	0	no	0.0
11620	positive	5	3	3.43	0.8865524036138771	-0.43000000000000016	3	no	no	27	yes	0	no	0.0
4923	negative	5	0	3.23	1.024358172073753	-0.23	3	no	no	34	no	0	no	0.0
11702	positive	1	0	3.35	0.9922796563656326	0.6499999999999999	4	no	no	36	yes	0	no	0.0
469	positive	3	6	5.0	0.0	0.0	5	no	no	34	yes	1	no	0.0
13221	positive	5	2	4.53	0.4991341984846218	0.4699999999999998	5	no	no	54	yes	1	yes	0.0
4143	negative	4	5	4.48	0.5800723506141885	0.5199999999999996	5	no	no	53	no	3	no	0.0
10601	positive	3	5	3.98	1.108482132868586	-0.98	3	no	no	35	no	0	no	0.0
8494	positive	2	6	3.86	0.978403905486634	1.14	5	no	no	31	yes	2	yes	0.0
5695	positive	2	2	3.91	0.8625361098289438	0.08999999999999986	4	no	no	47	yes	3	yes	0.0
11180	positive	0	2	3.75	0.82915619758885	1.25	5	no	no	33	no	1	no	0.0
9151	positive	6	3	3.69	0.709127352805826	0.31000000000000005	4	no	no	26	yes	0	no	0.0
8305	negative	5	2	3.36	1.1029737733588665	-1.36	2	no	no	39	yes	2	no	0.0
7054	positive	5	6	3.95	0.9205976319760985	-0.9500000000000002	3	no	no	70	yes	8	no	0.0
12843	positive	5	6	3.92	1.2555432644432802	-0.92	3	no	no	32	no	2	no	0.0
473	positive	5	3	4.29	0.6998542122237652	0.71	5	no	no	32	yes	0	no	0.0
4150	positive	6	3	4.48	0.5800723506141885	0.5199999999999996	5	no	no	35	yes	0	no	0.0
3209	negative	9	3	3.14	1.1866605518454392	-1.14	2	no	no	80	yes	21	no	0.0
6071	positive	2	2	4.12	1.0731488267988851	-2.12	2	no	no	32	yes	4	no	0.0
4910	negative	3	2	3.23	1.024358172073753	-1.23	2	no	no	28	no	0	no	0.0
7823	positive	3	2	3.44	1.5713484026367723	-1.44	2	no	no	26	no	0	no	0.0
1080	positive	3	6	5.0	0.0	0.0	5	no	no	76	yes	1	yes	0.0
7219	positive	4	4	4.12	0.8912792481735744	-0.1200000000000001	4	no	no	24	no	0	no	0.0
7051	positive	1	2	3.95	0.9205976319760985	1.0499999999999998	5	no	no	34	yes	1	no	0.0
1176	positive	3	1	3.71	1.0473484499010843	-0.71	3	no	no	29	no	0	no	0.0
7708	positive	4	1	3.6	0.7118052168020874	-0.6000000000000001	3	no	no	28	no	0	no	0.0
4976	positive	4	4	4.11	0.5665577237325317	-0.11000000000000032	4	no	no	35	no	3	no	0.0
7475	positive	5	3	3.86	0.9147320339189784	0.14000000000000012	4	no	no	29	yes	2	no	0.0
11038	positive	4	4	4.28	0.8252283867870568	-0.28000000000000025	4	no	no	72	yes	8	yes	0.0
3275	negative	2	6	3.14	1.1866605518454392	-0.14000000000000012	3	no	no	52	yes	20	no	0.0
3300	negative	2	2	3.85	1.1665962221617772	0.1499999999999999	4	no	no	35	yes	0	no	0.0
